Name,Woff Font File,JS Font File,CSS Font File,Position,Status
Brush-Script,brushscriptbt-regular-webfont.woff,brushscriptbt-regular-webfont.woff,Brush-Script.css,1,1
Interceptor,interceptor-webfont.woff,interceptor-webfont.woff,Interceptor.css,2,1
Source Sans Pro,sourcesanspro-regular-webfont.woff,sourcesanspro-regular-webfont.woff,Source_Sans_Pro.css,3,1
Alex Brush,alexbrush-regular-webfont.woff,alexbrush-regular-webfont.woff,Alex Brush.css,4,1
Quicksand,quicksand-regular-webfont.woff,quicksand-regular-webfont.woff,Quicksand.css,5,1
Kaushan Script,kaushanscript-regular-webfont.woff,kaushanscript-regular-webfont.woff,Kaushan Script.css,6,1
Kroftsmann,kroftsmann-webfont.woff,kroftsmann-webfont.woff,Kroftsmann.css,7,1
Pacifico,pacifico-webfont.woff,pacifico-webfont.woff,Pacifico.css,8,1
Bebas Neue,bebasneue-webfont.woff,bebasneue-webfont.woff,Bebas Neue.css,9,1
Lobster Two,lobstertwo-regular-webfont.woff,lobstertwo-regular-webfont.woff,Lobster_Two.css,10,1
sansation,sansation-regular-webfont.woff,sansation-regular-webfont.woff,sansation.css,11,1
Walkway Oblique,Walkway_Oblique-webfont.woff,Walkway_Oblique-webfont.woff,Walkway_Oblique.css,12,1
Black Jack,black_jack-webfont.woff,black_jack-webfont.woff,Black Jack.css,13,1
Cantarell,cantarell-regular-webfont.woff,cantarell-regular-webfont.woff,Cantarell.css,14,1
Daniel,daniel-webfont.woff,daniel-webfont.woff,Daniel.css,15,1
Sail,sail-regular-webfont.woff,sail-regular-webfont.woff,Sail.css,16,1
Molot,molot-webfont.woff,molot-webfont.woff,Molot.css,17,1
Exo,exo-regular-webfont.woff,exo-regular-webfont.woff,Exo.css,18,1
Fingerpaint,fingerpaint-regular-webfont.woff,fingerpaint-regular-webfont.woff,Fingerpaint.css,19,1
Ostrich Sans Inline,ostrich_sans_inline-regular-webfont.woff,ostrich_sans_inline-regular-webfont.woff,Ostrich_Sans_Inline.css,20,1
Barrio,barrio-regular-webfont.woff,barrio-regular-webfont.woff,Barrio.css,21,1
Afta sans,aftasansthin-regular-webfont.woff,aftasansthin-regular-webfont.woff,Afta_sans.css,22,1
After Shok,After_Shok-webfont.woff,After_Shok-webfont.woff,After Shok.css,23,1
Aguafina Script,aguafinascript-regular-webfont.woff,aguafinascript-regular-webfont.woff,Aguafina Script.css,24,1
Aldo,Aldo_Open-webfont.woff,Aldo_Open-webfont.woff,Aldo.css,25,1
Aleo,aleo-regular-webfont.woff,aleo-regular-webfont.woff,Aleo.css,26,1
Allura,allura-regular-webfont.woff,allura-regular-webfont.woff,Allura.css,27,1
Almendra,almendra-regular-webfont.woff,almendra-regular-webfont.woff,Almendra.css,28,1
Amadeus Regular,Amadeus-webfont.woff,Amadeus-webfont.woff,Amadeus_Regular.css,29,1
Anagram,Anagram-webfont.woff,Anagram-webfont.woff,Anagram.css,30,1
Belligerent Madness,belligerent-webfont.woff,belligerent-webfont.woff,Belligerent_Madness.css,31,1
Bellota,bellota-regular-webfont.woff,bellota-regular-webfont.woff,Bellota.css,32,1
Boston Traffic,boston_traffic-webfont.woff,boston_traffic-webfont.woff,Boston Traffic.css,33,1
BPdotsUnicase Plus,BPdotsUnicasePlus-webfont.woff,BPdotsUnicasePlus-webfont.woff,BPdotsUnicase Plus.css,34,1
Cherryswash,cherryswash-regular-webfont.woff,cherryswash-regular-webfont.woff,Cherryswash.css,35,1
Dymaxion Script,DymaxionScript-webfont.woff,DymaxionScript-webfont.woff,Dymaxion Script.css,36,1
ElliotSix,ElliotSix-webfont.woff,ElliotSix-webfont.woff,ElliotSix.css,37,1
Euphoria Script,euphoriascript-regular-webfont.woff,euphoriascript-regular-webfont.woff,Euphoria Script.css,38,1
SF Collegiate,SF_Collegiate-webfont.woff,SF_Collegiate-webfont.woff,SF Collegiate.css,39,1
Ghosttown BC,Ghosttown-BC.ttf.woff,Ghosttown-BC.ttf.woff,Ghosttown_BC.css,40,1
Anderson Captain Scarlet,anderson-thunderbirds-are-go-webfont.woff,anderson-thunderbirds-are-go-webfont.woff,Anderson_Captain_Scarlet.css,41,1
Caviar Dreams,CaviarDreams-webfont.woff,CaviarDreams-webfont.woff,Caviar_Dreams.css,42,1
Courier Prime,courier_prime-webfont.woff,courier_prime-webfont.woff,Courier_Prime.css,43,1
Education Pencil,Education-Pencil.ttf.woff,Education-Pencil.ttf.woff,Education_Pencil.css,44,1
Flux Architect,flux_architect_regular-webfont.woff,flux_architect_regular-webfont.woff,Flux_Architect.css,45,1
Folks,Folks-Normal-webfont.woff,Folks-Normal-webfont.woff,Folks.css,46,1
Janda Curlygirl Pop,Janda-Curlygirl-Pop.ttf.woff,Janda-Curlygirl-Pop.ttf.woff,Janda_Curlygirl_Pop.css,47,1
Josefin Sans,josefinsans-regular-webfont.woff,josefinsans-regular-webfont.woff,Josefin_Sans.css,48,1
Karatula,Karatula.woff,Karatula.woff,Karatula.css,49,1
KG Beautiful Ending,KG-Beautiful-Ending.woff,KG-Beautiful-Ending.woff,KG_Beautiful_Ending.css,50,1
LeviScriptOpti,LeviScriptOpti.woff,LeviScriptOpti.woff,LeviScriptOpti.css,51,1
Mathlete Skinny,Mathlete-Skinny-webfont.woff,Mathlete-Skinny-webfont.woff,Mathlete_Skinny.css,52,1
Pokemon,Pokemon.woff,Pokemon.woff,Pokemon.css,53,1
Santana,Santana-webfont.woff,Santana-webfont.woff,Santana.css,54,1
SF Archery Black,SF_Archery_Black-webfont.woff,SF_Archery_Black-webfont.woff,SF_Archery_Black.css,55,1
SF Burlington Script,SF_Burlington_Script-webfont.woff,SF_Burlington_Script-webfont.woff,SF_Burlington_Script.css,56,1
SF Cartoonist Hand,SF_Cartoonist_Hand-webfont.woff,SF_Cartoonist_Hand-webfont.woff,SF_Cartoonist_Hand.css,57,1
SF Wonder Comic,SF_Wonder_Comic-webfont.woff,SF_Wonder_Comic-webfont.woff,SF_Wonder_Comic.css,58,1
Arial,arial-webfont.woff,arial-webfont.woff,Arial.css,59,1
Calibri,calibri-webfont.woff,calibri-webfont.woff,Calibri.css,60,1
Tahoma,tahoma-webfont.woff,tahoma-webfont.woff,Tahoma.css,61,1
Verdana,verdana-webfont.woff,verdana-webfont.woff,Verdana.css,62,1
Times New Roman,times-webfont.woff,times-webfont.woff,Times_New_Roman.css,63,1
